,country,people_fully_vaccinated,daily_vaccinations
0,Argentina,0.0,0.0
1,Argentina,0.0,15656.0
2,Argentina,0.0,15656.0
3,Argentina,0.0,11070.0
4,Argentina,0.0,8776.0
5,Argentina,0.0,7400.0
6,Argentina,0.0,6483.0
7,Argentina,0.0,7984.0
8,Argentina,0.0,8173.0
9,Argentina,0.0,8363.0
10,Argentina,0.0,10519.0
11,Argentina,0.0,11942.0
12,Argentina,0.0,13365.0
13,Argentina,0.0,14788.0
14,Argentina,0.0,14056.0
15,Argentina,0.0,13323.0
16,Argentina,0.0,13320.0
17,Argentina,0.0,13317.0
18,Argentina,0.0,12971.0
19,Argentina,0.0,12624.0
20,Argentina,0.0,12278.0
21,Argentina,0.0,11932.0
22,Argentina,4394.0,11586.0
23,Argentina,16352.0,11704.0
24,Argentina,25146.0,11263.0
25,Argentina,29188.0,11124.0
26,Argentina,31987.0,10342.0
27,Argentina,32264.0,9046.0
28,Argentina,38911.0,9626.0
29,Argentina,45710.0,10014.0
30,Argentina,51451.0,8896.0
31,Argentina,65583.0,9205.0
32,Argentina,85361.0,11189.0
33,Austria,0.0,0.0
34,Austria,0.0,4775.0
35,Austria,0.0,3194.0
36,Austria,0.0,4427.0
37,Austria,0.0,5644.0
38,Austria,0.0,6593.0
39,Austria,0.0,7270.0
40,Austria,0.0,6952.0
41,Austria,304.0,7065.0
42,Austria,1034.0,8334.0
43,Austria,2007.0,9833.0
44,Austria,3214.0,11270.0
45,Austria,3540.0,12144.0
46,Austria,4243.0,12278.0
47,Austria,4289.0,12013.0
48,Austria,4306.0,11477.0
49,Austria,4346.0,11346.0
50,Austria,5126.0,10013.0
51,Austria,5633.0,8741.0
52,Austria,7157.0,8095.0
53,Austria,13551.0,8690.0
54,Bahrain,0.0,0.0
55,Bahrain,0.0,11106.0
56,Bahrain,0.0,5789.0
57,Bahrain,0.0,4197.0
58,Bahrain,0.0,3662.0
59,Bahrain,0.0,3210.0
60,Bahrain,0.0,2846.0
61,Bahrain,0.0,2622.0
62,Bahrain,0.0,1225.0
63,Bahrain,0.0,1258.0
64,Bahrain,0.0,1220.0
65,Bahrain,0.0,1011.0
66,Bahrain,0.0,943.0
67,Bahrain,0.0,1122.0
68,Bahrain,0.0,1594.0
69,Bahrain,0.0,1942.0
70,Bahrain,0.0,2706.0
71,Bahrain,0.0,3437.0
72,Bahrain,0.0,4080.0
73,Bahrain,0.0,4427.0
74,Bahrain,0.0,4840.0
75,Bahrain,0.0,4699.0
76,Bahrain,0.0,5332.0
77,Bahrain,0.0,6361.0
78,Bahrain,0.0,7572.0
79,Bahrain,0.0,7473.0
80,Bahrain,0.0,7176.0
81,Bahrain,0.0,6546.0
82,Bahrain,0.0,6110.0
83,Bahrain,0.0,5457.0
84,Bahrain,0.0,4084.0
85,Bahrain,0.0,2555.0
86,Bahrain,0.0,2445.0
87,Bahrain,0.0,2784.0
88,Bahrain,0.0,3194.0
89,Bahrain,0.0,3372.0
90,Bahrain,0.0,3096.0
91,Bahrain,0.0,2629.0
92,Bahrain,0.0,2199.0
93,Belgium,0.0,0.0
94,Belgium,0.0,1.0
95,Belgium,0.0,240.0
96,Belgium,0.0,163.0
97,Belgium,0.0,122.0
98,Belgium,0.0,98.0
99,Belgium,0.0,82.0
100,Belgium,0.0,70.0
101,Belgium,0.0,287.0
102,Belgium,0.0,768.0
103,Belgium,0.0,1916.0
104,Belgium,0.0,3219.0
105,Belgium,0.0,3672.0
106,Belgium,0.0,3728.0
107,Belgium,0.0,4504.0
108,Belgium,0.0,6498.0
109,Belgium,0.0,8839.0
110,Belgium,0.0,10704.0
111,Belgium,0.0,12568.0
112,Belgium,0.0,12822.0
113,Belgium,0.0,13178.0
114,Belgium,109.0,13822.0
115,Belgium,290.0,14231.0
116,Belgium,712.0,14143.0
117,Belgium,712.0,15082.0
118,Belgium,743.0,15838.0
119,Belgium,750.0,16167.0
120,Belgium,750.0,16009.0
121,Belgium,750.0,15923.0
122,Belgium,2023.0,14573.0
123,Belgium,4566.0,13413.0
124,Belgium,9298.0,11560.0
125,Belgium,12844.0,8775.0
126,Bermuda,0.0,0.0
127,Bermuda,0.0,278.0
128,Bermuda,0.0,278.0
129,Bermuda,0.0,278.0
130,Bermuda,0.0,278.0
131,Bermuda,0.0,278.0
132,Bermuda,0.0,278.0
133,Bermuda,0.0,264.0
134,Bermuda,0.0,250.0
135,Bermuda,0.0,236.0
136,Bermuda,0.0,222.0
137,Bermuda,0.0,209.0
138,Bermuda,0.0,195.0
139,Bermuda,0.0,181.0
140,Brazil,0.0,0.0
141,Brazil,0.0,112.0
142,Brazil,0.0,554.0
143,Brazil,0.0,3823.0
144,Brazil,0.0,7136.0
145,Brazil,0.0,27304.0
146,Brazil,0.0,40980.0
147,Brazil,0.0,76825.0
148,Brazil,0.0,86373.0
149,Brazil,0.0,99928.0
150,Brazil,0.0,119630.0
151,Brazil,0.0,157335.0
152,Brazil,0.0,187769.0
153,Brazil,0.0,203165.0
154,Brazil,0.0,209348.0
155,Bulgaria,0.0,0.0
156,Bulgaria,0.0,2889.0
157,Bulgaria,0.0,1477.0
158,Bulgaria,0.0,1007.0
159,Bulgaria,0.0,799.0
160,Bulgaria,0.0,675.0
161,Bulgaria,0.0,592.0
162,Bulgaria,0.0,533.0
163,Bulgaria,0.0,472.0
164,Bulgaria,0.0,920.0
165,Bulgaria,0.0,1231.0
166,Bulgaria,0.0,1222.0
167,Bulgaria,0.0,1246.0
168,Bulgaria,0.0,1270.0
169,Bulgaria,0.0,1476.0
170,Bulgaria,0.0,1304.0
171,Bulgaria,0.0,938.0
172,Bulgaria,0.0,682.0
173,Bulgaria,0.0,694.0
174,Bulgaria,0.0,662.0
175,Bulgaria,1114.0,782.0
176,Bulgaria,3168.0,921.0
177,Bulgaria,4293.0,1013.0
178,Bulgaria,4532.0,1081.0
179,Bulgaria,4605.0,1139.0
180,Bulgaria,4610.0,1112.0
181,Bulgaria,4610.0,1099.0
182,Bulgaria,4669.0,1023.0
183,Bulgaria,5455.0,985.0
184,Bulgaria,7672.0,1256.0
185,Bulgaria,10883.0,1769.0
186,Bulgaria,12949.0,2101.0
187,Bulgaria,13063.0,2129.0
188,Canada,0.0,0.0
189,Canada,0.0,0.0
190,Canada,0.0,0.0
191,Canada,3613.0,0.0
192,Canada,0.0,0.0
193,Canada,0.0,4282.0
194,Canada,0.0,7285.0
195,Canada,0.0,10736.0
196,Canada,15911.0,14575.0
197,Canada,0.0,18415.0
198,Canada,0.0,22255.0
199,Canada,0.0,27529.0
200,Canada,0.0,28179.0
201,Canada,0.0,56525.0
202,Canada,0.0,58593.0
203,Canada,27776.0,57133.0
204,Canada,0.0,55673.0
205,Canada,0.0,54213.0
206,Canada,0.0,52466.0
207,Canada,0.0,57828.0
208,Canada,0.0,29173.0
209,Canada,0.0,26423.0
210,Chile,0.0,0.0
211,Chile,0.0,4771.0
212,Chile,0.0,3958.0
213,Chile,0.0,2742.0
214,Chile,0.0,2069.0
215,Chile,0.0,1665.0
216,Chile,0.0,1396.0
217,Chile,0.0,1204.0
218,Chile,0.0,530.0
219,Chile,0.0,88.0
220,Chile,0.0,51.0
221,Chile,0.0,51.0
222,Chile,0.0,250.0
223,Chile,0.0,272.0
224,Chile,0.0,344.0
225,Chile,0.0,417.0
226,Chile,0.0,489.0
227,Chile,0.0,562.0
228,Chile,0.0,635.0
229,Chile,0.0,508.0
230,Chile,2869.0,559.0
231,Chile,5739.0,1038.0
232,Chile,8121.0,1437.0
233,Chile,8171.0,1366.0
234,Chile,8191.0,1291.0
235,Chile,8360.0,2699.0
236,Chile,8360.0,5267.0
237,Chile,8360.0,5632.0
238,Chile,8364.0,6328.0
239,Chile,8364.0,5882.0
240,Chile,8364.0,6000.0
241,Chile,0.0,6020.0
242,Chile,8488.0,4557.0
243,Chile,10018.0,2235.0
244,Chile,10332.0,1866.0
245,Chile,10347.0,613.0
246,Chile,10347.0,581.0
247,Chile,10352.0,455.0
248,China,0.0,0.0
249,China,0.0,187500.0
250,China,0.0,187500.0
251,China,0.0,187500.0
252,China,0.0,187500.0
253,China,0.0,187500.0
254,China,0.0,187500.0
255,China,0.0,187500.0
256,China,0.0,187500.0
257,China,0.0,187500.0
258,China,0.0,187500.0
259,China,0.0,187500.0
260,China,0.0,187500.0
261,China,0.0,187500.0
262,China,0.0,187500.0
263,China,0.0,187500.0
264,China,0.0,187500.0
265,China,0.0,232143.0
266,China,0.0,276786.0
267,China,0.0,321429.0
268,China,0.0,366071.0
269,China,0.0,410714.0
270,China,0.0,455357.0
271,China,0.0,500000.0
272,China,0.0,500000.0
273,China,0.0,500000.0
274,China,0.0,464286.0
275,China,0.0,428571.0
276,China,0.0,392857.0
277,China,0.0,357143.0
278,China,0.0,387755.0
279,China,0.0,418367.0
280,China,0.0,448980.0
281,China,0.0,515306.0
282,China,0.0,581633.0
283,China,0.0,647959.0
284,China,0.0,714286.0
285,China,0.0,770755.0
286,China,0.0,827224.0
287,China,0.0,883694.0
288,China,0.0,940163.0
289,China,0.0,996633.0
290,China,0.0,1053102.0
291,China,0.0,1109571.0
292,Costa Rica,0.0,0.0
293,Costa Rica,0.0,240.0
294,Costa Rica,0.0,240.0
295,Costa Rica,0.0,240.0
296,Costa Rica,0.0,240.0
297,Costa Rica,0.0,240.0
298,Costa Rica,0.0,240.0
299,Costa Rica,0.0,240.0
300,Costa Rica,0.0,240.0
301,Costa Rica,0.0,240.0
302,Costa Rica,0.0,240.0
303,Costa Rica,0.0,414.0
304,Costa Rica,0.0,588.0
305,Costa Rica,0.0,763.0
306,Costa Rica,0.0,937.0
307,Costa Rica,0.0,1111.0
308,Costa Rica,0.0,1385.0
309,Costa Rica,0.0,1659.0
310,Costa Rica,0.0,1759.0
311,Costa Rica,0.0,1859.0
312,Costa Rica,0.0,1959.0
313,Costa Rica,0.0,2058.0
314,Costa Rica,55.0,2158.0
315,Costa Rica,0.0,2066.0
316,Costa Rica,0.0,1973.0
317,Costa Rica,132.0,1880.0
318,Costa Rica,0.0,1955.0
319,Costa Rica,0.0,2029.0
320,Costa Rica,0.0,2103.0
321,Costa Rica,0.0,2177.0
322,Costa Rica,0.0,2344.0
323,Costa Rica,0.0,2510.0
324,Costa Rica,2421.0,2677.0
325,Croatia,0.0,0.0
326,Croatia,0.0,1105.0
327,Croatia,0.0,1105.0
328,Croatia,0.0,1105.0
329,Croatia,0.0,1105.0
330,Croatia,0.0,1036.0
331,Croatia,0.0,989.0
332,Croatia,0.0,1334.0
333,Croatia,0.0,1662.0
334,Croatia,0.0,2130.0
335,Croatia,0.0,2689.0
336,Croatia,0.0,2693.0
337,Croatia,0.0,2748.0
338,Croatia,0.0,2802.0
339,Croatia,0.0,2479.0
340,Croatia,0.0,2485.0
341,Croatia,0.0,2364.0
342,Croatia,0.0,2272.0
343,Croatia,0.0,2510.0
344,Croatia,0.0,2747.0
345,Croatia,0.0,2984.0
346,Croatia,0.0,3329.0
347,Croatia,0.0,3343.0
348,Croatia,0.0,3346.0
349,Croatia,0.0,2960.0
350,Croatia,0.0,2800.0
351,Croatia,11907.0,2640.0
352,Croatia,0.0,2598.0
353,Croatia,0.0,2448.0
354,Croatia,0.0,2299.0
355,Croatia,0.0,2150.0
356,Cyprus,0.0,0.0
357,Cyprus,0.0,534.0
358,Cyprus,0.0,534.0
359,Cyprus,0.0,534.0
360,Cyprus,0.0,534.0
361,Cyprus,0.0,594.0
362,Cyprus,0.0,635.0
363,Cyprus,0.0,664.0
364,Cyprus,0.0,708.0
365,Cyprus,0.0,751.0
366,Cyprus,0.0,821.0
367,Cyprus,0.0,891.0
368,Cyprus,0.0,917.0
369,Cyprus,0.0,943.0
370,Cyprus,0.0,969.0
371,Cyprus,0.0,996.0
372,Cyprus,2057.0,1022.0
373,Cyprus,0.0,1035.0
374,Cyprus,0.0,1048.0
375,Cyprus,0.0,1061.0
376,Cyprus,0.0,1074.0
377,Cyprus,0.0,1087.0
378,Cyprus,0.0,1100.0
379,Cyprus,5551.0,1113.0
380,Czechia,0.0,0.0
381,Czechia,0.0,2282.0
382,Czechia,0.0,2860.0
383,Czechia,0.0,3058.0
384,Czechia,0.0,2620.0
385,Czechia,0.0,2148.0
386,Czechia,0.0,2000.0
387,Czechia,0.0,1844.0
388,Czechia,0.0,2026.0
389,Czechia,0.0,2179.0
390,Czechia,0.0,2504.0
391,Czechia,0.0,3445.0
392,Czechia,0.0,4827.0
393,Czechia,0.0,4931.0
394,Czechia,0.0,5042.0
395,Czechia,0.0,5895.0
396,Czechia,0.0,7106.0
397,Czechia,0.0,8184.0
398,Czechia,0.0,9150.0
399,Czechia,0.0,9644.0
400,Czechia,0.0,9832.0
401,Czechia,622.0,10024.0
402,Czechia,2396.0,10610.0
403,Czechia,5070.0,10849.0
404,Czechia,7626.0,11133.0
405,Czechia,9327.0,11383.0
406,Czechia,10318.0,11655.0
407,Czechia,11153.0,11705.0
408,Czechia,12007.0,11690.0
409,Czechia,14893.0,11487.0
410,Czechia,18778.0,11380.0
411,Czechia,23033.0,11043.0
412,Czechia,28845.0,10514.0
413,Czechia,35053.0,10005.0
414,Czechia,35594.0,9648.0
415,Denmark,0.0,0.0
416,Denmark,0.0,1997.0
417,Denmark,0.0,5553.0
418,Denmark,0.0,7565.0
419,Denmark,0.0,7256.0
420,Denmark,0.0,6282.0
421,Denmark,0.0,6740.0
422,Denmark,0.0,6649.0
423,Denmark,0.0,6714.0
424,Denmark,0.0,7368.0
425,Denmark,0.0,8564.0
426,Denmark,0.0,10180.0
427,Denmark,0.0,11065.0
428,Denmark,0.0,10046.0
429,Denmark,0.0,9291.0
430,Denmark,0.0,9035.0
431,Denmark,0.0,7145.0
432,Denmark,0.0,6104.0
433,Denmark,0.0,6137.0
434,Denmark,5.0,7077.0
435,Denmark,12.0,7468.0
436,Denmark,738.0,7817.0
437,Denmark,2897.0,8585.0
438,Denmark,5024.0,9179.0
439,Denmark,6938.0,7859.0
440,Denmark,9292.0,5859.0
441,Denmark,15005.0,4604.0
442,Denmark,22138.0,5072.0
443,Denmark,28686.0,5628.0
444,Denmark,31159.0,5156.0
445,Denmark,32889.0,4773.0
446,Denmark,37292.0,4943.0
447,Denmark,45114.0,5543.0
448,Denmark,60973.0,7038.0
449,Denmark,61019.0,5915.0
450,Ecuador,0.0,0.0
451,Ecuador,0.0,108.0
452,Ecuador,0.0,294.0
453,Ecuador,0.0,355.0
454,Ecuador,0.0,386.0
455,Ecuador,0.0,405.0
456,Ecuador,0.0,417.0
457,Ecuador,0.0,426.0
458,England,0.0,0.0
459,England,0.0,37897.0
460,England,0.0,37897.0
461,England,0.0,37897.0
462,England,0.0,37897.0
463,England,0.0,37897.0
464,England,0.0,37897.0
465,England,0.0,37897.0
466,England,0.0,39559.0
467,England,0.0,41221.0
468,England,0.0,42884.0
469,England,0.0,44546.0
470,England,0.0,46209.0
471,England,0.0,47871.0
472,England,20467.0,49533.0
473,England,0.0,65958.0
474,England,0.0,82383.0
475,England,0.0,98808.0
476,England,0.0,115233.0
477,England,0.0,131658.0
478,England,0.0,148083.0
479,England,374613.0,164508.0
480,England,393925.0,161070.0
481,England,407294.0,164375.0
482,England,415656.0,176328.0
483,England,420510.0,192776.0
484,England,424327.0,215662.0
485,England,426102.0,231763.0
486,England,427386.0,230525.0
487,England,431136.0,234877.0
488,England,434125.0,251122.0
489,England,436848.0,261507.0
490,England,439182.0,272972.0
491,England,440300.0,287384.0
492,England,441074.0,311226.0
493,England,441684.0,317419.0
494,England,443010.0,326745.0
495,England,444011.0,320880.0
496,England,445101.0,311182.0
497,England,446372.0,308977.0
498,England,447898.0,310733.0
499,Estonia,0.0,0.0
500,Estonia,0.0,309.0
501,Estonia,0.0,338.0
502,Estonia,0.0,567.0
503,Estonia,0.0,570.0
504,Estonia,0.0,459.0
505,Estonia,0.0,385.0
506,Estonia,0.0,333.0
507,Estonia,0.0,382.0
508,Estonia,0.0,589.0
509,Estonia,0.0,675.0
510,Estonia,0.0,784.0
511,Estonia,0.0,1099.0
512,Estonia,0.0,1176.0
513,Estonia,0.0,1205.0
514,Estonia,0.0,1244.0
515,Estonia,0.0,1210.0
516,Estonia,0.0,1178.0
517,Estonia,0.0,1243.0
518,Estonia,0.0,1109.0
519,Estonia,0.0,1061.0
520,Estonia,0.0,1043.0
521,Estonia,0.0,1060.0
522,Estonia,0.0,1000.0
523,Estonia,0.0,1015.0
524,Estonia,0.0,1074.0
525,Estonia,0.0,1106.0
526,Estonia,0.0,1112.0
527,Estonia,0.0,1122.0
528,Estonia,0.0,1124.0
529,Estonia,0.0,1302.0
530,Estonia,6214.0,1378.0
531,Estonia,7607.0,1403.0
532,Estonia,9597.0,1647.0
533,Finland,0.0,0.0
534,Finland,0.0,459.0
535,Finland,0.0,459.0
536,Finland,0.0,459.0
537,Finland,0.0,459.0
538,Finland,0.0,736.0
539,Finland,0.0,839.0
540,Finland,0.0,913.0
541,Finland,0.0,1273.0
542,Finland,0.0,1353.0
543,Finland,0.0,1433.0
544,Finland,0.0,1513.0
545,Finland,0.0,1739.0
546,Finland,0.0,2332.0
547,Finland,0.0,3554.0
548,Finland,0.0,4573.0
549,Finland,0.0,4971.0
550,Finland,0.0,5369.0
551,Finland,0.0,5767.0
552,Finland,0.0,5458.0
553,Finland,0.0,5562.0
554,Finland,0.0,6467.0
555,Finland,0.0,6874.0
556,Finland,0.0,7253.0
557,Finland,0.0,7633.0
558,Finland,4553.0,8012.0
559,Finland,6960.0,8740.0
560,Finland,9355.0,9264.0
561,Finland,10540.0,8575.0
562,Finland,14239.0,8647.0
563,Finland,17757.0,9222.0
564,France,0.0,0.0
565,France,0.0,38.0
566,France,0.0,62.0
567,France,0.0,74.0
568,France,0.0,76.0
569,France,0.0,62.0
570,France,0.0,59.0
571,France,0.0,61.0
572,France,0.0,250.0
573,France,0.0,943.0
574,France,0.0,2403.0
575,France,0.0,6126.0
576,France,0.0,10790.0
577,France,0.0,12248.0
578,France,0.0,12996.0
579,France,0.0,17613.0
580,France,0.0,24561.0
581,France,0.0,31168.0
582,France,0.0,37475.0
583,France,0.0,41164.0
584,France,0.0,42194.0
585,France,0.0,42805.0
586,France,0.0,48870.0
587,France,0.0,57986.0
588,France,0.0,67479.0
589,France,0.0,77585.0
590,France,0.0,84824.0
591,France,0.0,87391.0
592,France,0.0,87282.0
593,France,0.0,86551.0
594,France,0.0,82717.0
595,France,0.0,78972.0
596,France,0.0,74384.0
597,France,0.0,70225.0
598,Germany,0.0,0.0
599,Germany,0.0,19838.0
600,Germany,0.0,31608.0
601,Germany,0.0,40428.0
602,Germany,0.0,39949.0
603,Germany,0.0,36846.0
604,Germany,0.0,39244.0
605,Germany,0.0,37183.0
606,Germany,0.0,41325.0
607,Germany,0.0,42498.0
608,Germany,0.0,42312.0
609,Germany,0.0,45107.0
610,Germany,0.0,50094.0
611,Germany,0.0,50570.0
612,Germany,0.0,51692.0
613,Germany,0.0,54118.0
614,Germany,0.0,58292.0
615,Germany,0.0,63795.0
616,Germany,0.0,69790.0
617,Germany,444.0,74468.0
618,Germany,954.0,74638.0
619,Germany,15184.0,76382.0
620,Germany,31761.0,77514.0
621,Germany,59094.0,79165.0
622,Germany,107432.0,83000.0
623,Germany,141783.0,82027.0
624,Germany,172223.0,84998.0
625,Germany,212851.0,89609.0
626,Germany,240829.0,92571.0
627,Germany,279212.0,95642.0
628,Germany,326134.0,96663.0
629,Germany,376441.0,93915.0
630,Germany,421637.0,94335.0
631,Germany,461701.0,91679.0
632,Gibraltar,0.0,0.0
633,Gibraltar,0.0,1025.0
634,Gibraltar,0.0,1040.0
635,Gibraltar,0.0,986.0
636,Gibraltar,0.0,959.0
637,Gibraltar,0.0,943.0
638,Gibraltar,0.0,904.0
639,Gibraltar,0.0,775.0
640,Gibraltar,0.0,713.0
641,Gibraltar,0.0,645.0
642,Gibraltar,0.0,520.0
643,Gibraltar,0.0,527.0
644,Gibraltar,0.0,535.0
645,Gibraltar,0.0,566.0
646,Gibraltar,0.0,642.0
647,Gibraltar,0.0,586.0
648,Gibraltar,0.0,579.0
649,Gibraltar,0.0,656.0
650,Gibraltar,0.0,626.0
651,Gibraltar,0.0,570.0
652,Greece,0.0,0.0
653,Greece,0.0,670.0
654,Greece,0.0,662.0
655,Greece,0.0,642.0
656,Greece,0.0,551.0
657,Greece,0.0,549.0
658,Greece,0.0,576.0
659,Greece,0.0,1370.0
660,Greece,0.0,2168.0
661,Greece,0.0,2680.0
662,Greece,0.0,3385.0
663,Greece,0.0,4599.0
664,Greece,0.0,5290.0
665,Greece,0.0,5748.0
666,Greece,0.0,5667.0
667,Greece,0.0,5709.0
668,Greece,0.0,6308.0
669,Greece,0.0,6384.0
670,Greece,0.0,5784.0
671,Greece,0.0,5654.0
672,Greece,0.0,5486.0
673,Greece,420.0,5083.0
674,Greece,1040.0,5283.0
675,Greece,1635.0,6102.0
676,Greece,2238.0,7522.0
677,Greece,2558.0,9371.0
678,Greece,3115.0,11092.0
679,Greece,0.0,12128.0
680,Greece,7921.0,13165.0
681,Greece,13005.0,14658.0
682,Greece,17726.0,15200.0
683,Greece,23609.0,15532.0
684,Greece,32393.0,15776.0
685,Greece,38588.0,15960.0
686,Hungary,0.0,0.0
687,Hungary,0.0,1367.0
688,Hungary,0.0,1348.0
689,Hungary,0.0,1339.0
690,Hungary,0.0,1578.0
691,Hungary,0.0,1722.0
692,Hungary,0.0,1818.0
693,Hungary,0.0,1987.0
694,Hungary,0.0,2648.0
695,Hungary,0.0,3959.0
696,Hungary,0.0,5348.0
697,Hungary,0.0,6375.0
698,Hungary,0.0,7402.0
699,Hungary,0.0,8429.0
700,Hungary,0.0,9083.0
701,Hungary,0.0,9418.0
702,Hungary,0.0,9229.0
703,Hungary,0.0,9026.0
704,Hungary,0.0,8688.0
705,Hungary,0.0,8347.0
706,Hungary,0.0,7455.0
707,Hungary,1643.0,7536.0
708,Hungary,2939.0,6618.0
709,Hungary,4030.0,6069.0
710,Hungary,5815.0,5581.0
711,Hungary,6944.0,5326.0
712,Hungary,8135.0,4778.0
713,Hungary,9403.0,4701.0
714,Hungary,12639.0,4426.0
715,Hungary,17772.0,5317.0
716,Hungary,26293.0,6989.0
717,Hungary,37727.0,9745.0
718,Hungary,49606.0,13966.0
719,Iceland,0.0,0.0
720,Iceland,0.0,63.0
721,Iceland,0.0,63.0
722,Iceland,0.0,63.0
723,Iceland,0.0,63.0
724,Iceland,0.0,63.0
725,Iceland,0.0,63.0
726,Iceland,0.0,63.0
727,Iceland,0.0,63.0
728,Iceland,0.0,63.0
729,Iceland,0.0,63.0
730,Iceland,0.0,63.0
731,Iceland,0.0,63.0
732,Iceland,0.0,63.0
733,Iceland,0.0,63.0
734,Iceland,0.0,63.0
735,Iceland,0.0,63.0
736,Iceland,0.0,63.0
737,Iceland,0.0,63.0
738,Iceland,0.0,63.0
739,Iceland,0.0,63.0
740,Iceland,480.0,63.0
741,Iceland,0.0,312.0
742,Iceland,0.0,560.0
743,Iceland,0.0,809.0
744,Iceland,0.0,1057.0
745,Iceland,4787.0,1306.0
746,Iceland,0.0,1318.0
747,Iceland,4820.0,1331.0
748,India,0.0,0.0
749,India,0.0,191181.0
750,India,0.0,112150.0
751,India,0.0,151350.0
752,India,0.0,168709.0
753,India,0.0,161297.0
754,India,0.0,173922.0
755,India,0.0,198656.0
756,India,0.0,198717.0
757,India,0.0,198743.0
758,India,0.0,224251.0
759,India,0.0,193521.0
760,India,0.0,221356.0
761,India,0.0,269217.0
762,India,0.0,301348.0
763,India,0.0,308876.0
764,Indonesia,0.0,0.0
765,Indonesia,0.0,13200.0
766,Indonesia,0.0,13200.0
767,Indonesia,0.0,13200.0
768,Indonesia,0.0,13200.0
769,Indonesia,0.0,13200.0
770,Indonesia,0.0,13200.0
771,Indonesia,0.0,13200.0
772,Indonesia,0.0,13200.0
773,Indonesia,0.0,13200.0
774,Indonesia,0.0,13200.0
775,Indonesia,0.0,12546.0
776,Indonesia,0.0,11892.0
777,Indonesia,0.0,11823.0
778,Indonesia,0.0,21898.0
779,Indonesia,0.0,28915.0
780,Indonesia,5468.0,36427.0
781,Indonesia,11287.0,40614.0
782,Indonesia,20810.0,51762.0
783,Ireland,0.0,0.0
784,Ireland,0.0,550.0
785,Ireland,0.0,550.0
786,Ireland,0.0,550.0
787,Ireland,0.0,550.0
788,Ireland,0.0,1194.0
789,Ireland,0.0,1624.0
790,Ireland,0.0,1931.0
791,Ireland,0.0,3028.0
792,Ireland,0.0,4124.0
793,Ireland,0.0,5221.0
794,Ireland,0.0,6919.0
795,Ireland,0.0,8157.0
796,Ireland,0.0,9394.0
797,Ireland,0.0,9452.0
798,Ireland,0.0,8873.0
799,Ireland,0.0,8293.0
800,Ireland,0.0,7714.0
801,Ireland,0.0,7267.0
802,Ireland,0.0,6819.0
803,Ireland,0.0,6371.0
804,Ireland,0.0,6528.0
805,Ireland,0.0,6686.0
806,Ireland,0.0,6843.0
807,Ireland,0.0,7000.0
808,Ireland,0.0,6552.0
809,Ireland,0.0,6105.0
810,Ireland,13800.0,5657.0
811,Isle of Man,0.0,0.0
812,Isle of Man,0.0,90.0
813,Isle of Man,0.0,138.0
814,Isle of Man,0.0,155.0
815,Isle of Man,312.0,163.0
816,Isle of Man,639.0,266.0
817,Isle of Man,1037.0,338.0
818,Isle of Man,1038.0,389.0
819,Isle of Man,1030.0,459.0
820,Isle of Man,1030.0,484.0
821,Israel,0.0,0.0
822,Israel,0.0,7303.0
823,Israel,0.0,16016.0
824,Israel,0.0,25409.0
825,Israel,0.0,34449.0
826,Israel,0.0,41960.0
827,Israel,0.0,41248.0
828,Israel,0.0,39924.0
829,Israel,0.0,53541.0
830,Israel,0.0,68852.0
831,Israel,0.0,84457.0
832,Israel,0.0,97022.0
833,Israel,0.0,108904.0
834,Israel,0.0,113574.0
835,Israel,0.0,119116.0
836,Israel,0.0,125260.0
837,Israel,2.0,126321.0
838,Israel,2.0,121940.0
839,Israel,2.0,114945.0
840,Israel,6.0,108994.0
841,Israel,11.0,108261.0
842,Israel,37.0,104425.0
843,Israel,5989.0,89728.0
844,Israel,25033.0,75439.0
845,Israel,60124.0,66271.0
846,Israel,115579.0,67132.0
847,Israel,182813.0,68468.0
848,Israel,217893.0,68504.0
849,Israel,243346.0,70031.0
850,Israel,325800.0,85386.0
851,Israel,442548.0,106397.0
852,Israel,576682.0,127581.0
853,Israel,715561.0,143248.0
854,Israel,873639.0,158459.0
855,Israel,942709.0,164522.0
856,Israel,994877.0,169976.0
857,Israel,1129919.0,177976.0
858,Israel,1258771.0,182391.0
859,Israel,1378270.0,181398.0
860,Israel,1498115.0,179171.0
861,Israel,1624159.0,176168.0
862,Israel,1686960.0,175120.0
863,Israel,1728625.0,172807.0
864,Italy,0.0,0.0
865,Italy,0.0,948.0
866,Italy,0.0,927.0
867,Italy,0.0,2150.0
868,Italy,0.0,7890.0
869,Italy,0.0,8494.0
870,Italy,0.0,13392.0
871,Italy,0.0,16453.0
872,Italy,0.0,25972.0
873,Italy,0.0,37082.0
874,Italy,0.0,45662.0
875,Italy,0.0,55085.0
876,Italy,0.0,67015.0
877,Italy,0.0,73910.0
878,Italy,0.0,77506.0
879,Italy,0.0,79247.0
880,Italy,0.0,79431.0
881,Italy,0.0,83310.0
882,Italy,0.0,83257.0
883,Italy,0.0,82103.0
884,Italy,7.0,78719.0
885,Italy,2806.0,75252.0
886,Italy,7198.0,69702.0
887,Italy,8970.0,62755.0
888,Italy,13442.0,53770.0
889,Italy,32770.0,45665.0
890,Italy,46599.0,36939.0
891,Italy,79114.0,33452.0
892,Italy,109617.0,33132.0
893,Italy,172789.0,36947.0
894,Italy,247154.0,43668.0
895,Italy,310502.0,49381.0
896,Italy,397355.0,57520.0
897,Italy,486582.0,67195.0
898,Italy,564490.0,73351.0
899,Kuwait,0.0,0.0
900,Latvia,0.0,0.0
901,Latvia,0.0,878.0
902,Latvia,0.0,833.0
903,Latvia,0.0,602.0
904,Latvia,0.0,486.0
905,Latvia,0.0,417.0
906,Latvia,0.0,371.0
907,Latvia,0.0,338.0
908,Latvia,0.0,339.0
909,Latvia,0.0,338.0
910,Latvia,0.0,433.0
911,Latvia,0.0,542.0
912,Latvia,0.0,566.0
913,Latvia,0.0,593.0
914,Latvia,0.0,768.0
915,Latvia,0.0,872.0
916,Latvia,0.0,977.0
917,Latvia,0.0,1121.0
918,Latvia,0.0,1258.0
919,Latvia,0.0,1309.0
920,Latvia,0.0,1279.0
921,Latvia,0.0,1204.0
922,Latvia,0.0,1098.0
923,Latvia,0.0,993.0
924,Latvia,0.0,773.0
925,Latvia,0.0,537.0
926,Latvia,0.0,459.0
927,Latvia,0.0,490.0
928,Latvia,0.0,417.0
929,Latvia,0.0,413.0
930,Latvia,0.0,420.0
931,Latvia,0.0,491.0
932,Latvia,0.0,598.0
933,Latvia,0.0,626.0
934,Lithuania,0.0,0.0
935,Lithuania,0.0,2785.0
936,Lithuania,0.0,2886.0
937,Lithuania,0.0,2435.0
938,Lithuania,0.0,1832.0
939,Lithuania,0.0,1491.0
940,Lithuania,0.0,1263.0
941,Lithuania,0.0,1100.0
942,Lithuania,0.0,720.0
943,Lithuania,0.0,311.0
944,Lithuania,0.0,592.0
945,Lithuania,0.0,1180.0
946,Lithuania,0.0,1899.0
947,Lithuania,0.0,1925.0
948,Lithuania,0.0,1908.0
949,Lithuania,0.0,2205.0
950,Lithuania,0.0,2484.0
951,Lithuania,0.0,2853.0
952,Lithuania,0.0,3490.0
953,Lithuania,0.0,3785.0
954,Lithuania,0.0,3897.0
955,Lithuania,1088.0,4058.0
956,Lithuania,2759.0,4386.0
957,Lithuania,6666.0,4984.0
958,Lithuania,8462.0,4606.0
959,Lithuania,9082.0,3590.0
960,Lithuania,9092.0,2598.0
961,Lithuania,9092.0,2444.0
962,Lithuania,0.0,2285.0
963,Lithuania,9092.0,1645.0
964,Lithuania,9718.0,1190.0
965,Lithuania,12635.0,1644.0
966,Lithuania,16006.0,2388.0
967,Lithuania,20740.0,3432.0
968,Lithuania,21102.0,3509.0
969,Luxembourg,0.0,0.0
970,Luxembourg,0.0,62.0
971,Luxembourg,0.0,62.0
972,Luxembourg,0.0,62.0
973,Luxembourg,0.0,62.0
974,Luxembourg,0.0,62.0
975,Luxembourg,0.0,62.0
976,Luxembourg,0.0,62.0
977,Luxembourg,0.0,62.0
978,Luxembourg,0.0,62.0
979,Luxembourg,0.0,62.0
980,Luxembourg,0.0,62.0
981,Luxembourg,0.0,62.0
982,Luxembourg,0.0,114.0
983,Luxembourg,0.0,177.0
984,Luxembourg,0.0,220.0
985,Luxembourg,0.0,236.0
986,Luxembourg,0.0,252.0
987,Luxembourg,0.0,268.0
988,Luxembourg,0.0,375.0
989,Luxembourg,0.0,417.0
990,Luxembourg,0.0,475.0
991,Luxembourg,0.0,523.0
992,Luxembourg,0.0,558.0
993,Luxembourg,0.0,592.0
994,Luxembourg,0.0,626.0
995,Luxembourg,1245.0,569.0
996,Luxembourg,1245.0,604.0
997,Luxembourg,1342.0,608.0
998,Luxembourg,1483.0,639.0
999,Malta,0.0,0.0
1000,Malta,0.0,259.0
1001,Malta,0.0,259.0
1002,Malta,0.0,259.0
1003,Malta,0.0,259.0
1004,Malta,0.0,259.0
1005,Malta,0.0,259.0
1006,Malta,0.0,259.0
1007,Malta,0.0,281.0
1008,Malta,0.0,304.0
1009,Malta,0.0,327.0
1010,Malta,0.0,350.0
1011,Malta,0.0,373.0
1012,Malta,0.0,396.0
1013,Malta,0.0,419.0
1014,Malta,0.0,524.0
1015,Malta,0.0,629.0
1016,Malta,0.0,735.0
1017,Malta,0.0,840.0
1018,Malta,0.0,938.0
1019,Malta,0.0,1036.0
1020,Malta,0.0,1162.0
1021,Malta,0.0,1178.0
1022,Malta,0.0,1162.0
1023,Malta,0.0,1170.0
1024,Malta,0.0,1182.0
1025,Malta,0.0,1190.0
1026,Malta,1198.0,1182.0
1027,Malta,1463.0,1167.0
1028,Malta,1694.0,1156.0
1029,Malta,2095.0,1171.0
1030,Malta,2518.0,1164.0
1031,Malta,2969.0,1151.0
1032,Mexico,0.0,0.0
1033,Mexico,0.0,1300.0
1034,Mexico,0.0,1300.0
1035,Mexico,0.0,1300.0
1036,Mexico,0.0,1664.0
1037,Mexico,0.0,3121.0
1038,Mexico,0.0,3679.0
1039,Mexico,0.0,3695.0
1040,Mexico,0.0,4051.0
1041,Mexico,0.0,4407.0
1042,Mexico,0.0,4763.0
1043,Mexico,0.0,4912.0
1044,Mexico,0.0,4244.0
1045,Mexico,0.0,4027.0
1046,Mexico,0.0,4230.0
1047,Mexico,0.0,4984.0
1048,Mexico,0.0,5488.0
1049,Mexico,0.0,5876.0
1050,Mexico,0.0,6157.0
1051,Mexico,0.0,6378.0
1052,Mexico,0.0,19912.0
1053,Mexico,0.0,38797.0
1054,Mexico,1958.0,49987.0
1055,Mexico,2221.0,55493.0
1056,Mexico,3434.0,55835.0
1057,Mexico,6546.0,57924.0
1058,Mexico,9609.0,57892.0
1059,Mexico,11402.0,44066.0
1060,Mexico,18018.0,31765.0
1061,Mexico,20083.0,28205.0
1062,Mexico,22472.0,22217.0
1063,Mexico,25185.0,22498.0
1064,Mexico,28715.0,21797.0
1065,Mexico,31314.0,22028.0
1066,Mexico,31314.0,22145.0
1067,Mexico,0.0,15072.0
1068,Mexico,31397.0,6773.0
1069,Myanmar,0.0,0.0
1070,Myanmar,0.0,3800.0
1071,Netherlands,0.0,0.0
1072,Netherlands,0.0,9000.0
1073,Netherlands,0.0,10500.0
1074,Netherlands,0.0,8000.0
1075,Netherlands,0.0,7000.0
1076,Netherlands,0.0,5900.0
1077,Netherlands,0.0,6500.0
1078,Netherlands,0.0,5857.0
1079,Netherlands,0.0,5143.0
1080,Netherlands,0.0,4000.0
1081,Netherlands,0.0,5143.0
1082,Netherlands,0.0,6143.0
1083,Netherlands,0.0,7024.0
1084,Netherlands,0.0,6762.0
1085,Netherlands,0.0,7571.0
1086,Netherlands,0.0,9500.0
1087,Netherlands,0.0,11429.0
1088,Netherlands,0.0,10687.0
1089,Netherlands,0.0,9945.0
1090,Netherlands,0.0,11323.0
1091,Netherlands,0.0,11615.0
1092,Netherlands,0.0,12194.0
1093,Netherlands,0.0,12279.0
1094,Netherlands,0.0,11500.0
1095,Netherlands,0.0,12213.0
1096,Northern Cyprus,0.0,0.0
1097,Northern Cyprus,0.0,994.0
1098,Northern Cyprus,0.0,994.0
1099,Northern Cyprus,0.0,994.0
1100,Northern Cyprus,0.0,994.0
1101,Northern Cyprus,0.0,994.0
1102,Northern Cyprus,0.0,1163.0
1103,Northern Cyprus,0.0,1284.0
1104,Northern Cyprus,0.0,1429.0
1105,Northern Ireland,0.0,0.0
1106,Northern Ireland,0.0,1778.0
1107,Northern Ireland,0.0,1778.0
1108,Northern Ireland,0.0,1778.0
1109,Northern Ireland,0.0,1778.0
1110,Northern Ireland,0.0,1778.0
1111,Northern Ireland,0.0,1778.0
1112,Northern Ireland,0.0,1778.0
1113,Northern Ireland,0.0,1829.0
1114,Northern Ireland,0.0,1880.0
1115,Northern Ireland,0.0,1931.0
1116,Northern Ireland,0.0,1982.0
1117,Northern Ireland,0.0,2033.0
1118,Northern Ireland,0.0,2084.0
1119,Northern Ireland,0.0,2135.0
1120,Northern Ireland,0.0,2054.0
1121,Northern Ireland,0.0,1972.0
1122,Northern Ireland,0.0,1890.0
1123,Northern Ireland,0.0,1808.0
1124,Northern Ireland,0.0,1726.0
1125,Northern Ireland,0.0,1645.0
1126,Northern Ireland,1271.0,1563.0
1127,Northern Ireland,0.0,2360.0
1128,Northern Ireland,0.0,3157.0
1129,Northern Ireland,0.0,3954.0
1130,Northern Ireland,0.0,4751.0
1131,Northern Ireland,0.0,5548.0
1132,Northern Ireland,0.0,6345.0
1133,Northern Ireland,13949.0,7143.0
1134,Northern Ireland,15288.0,7197.0
1135,Northern Ireland,17840.0,7574.0
1136,Northern Ireland,19010.0,8332.0
1137,Northern Ireland,19264.0,9044.0
1138,Northern Ireland,19474.0,8530.0
1139,Northern Ireland,20174.0,7964.0
1140,Northern Ireland,21016.0,7826.0
1141,Northern Ireland,21579.0,7852.0
1142,Northern Ireland,21960.0,7306.0
1143,Northern Ireland,22326.0,6404.0
1144,Northern Ireland,22510.0,5674.0
1145,Northern Ireland,22660.0,5664.0
1146,Northern Ireland,22687.0,5396.0
1147,Northern Ireland,22713.0,5089.0
1148,Northern Ireland,22795.0,4525.0
1149,Northern Ireland,22910.0,4379.0
1150,Northern Ireland,23927.0,4668.0
1151,Northern Ireland,24070.0,6665.0
1152,Northern Ireland,24146.0,7312.0
1153,Norway,0.0,0.0
1154,Norway,0.0,600.0
1155,Norway,0.0,834.0
1156,Norway,0.0,697.0
1157,Norway,0.0,540.0
1158,Norway,0.0,434.0
1159,Norway,0.0,361.0
1160,Norway,0.0,310.0
1161,Norway,0.0,224.0
1162,Norway,0.0,560.0
1163,Norway,0.0,1785.0
1164,Norway,0.0,2710.0
1165,Norway,0.0,2938.0
1166,Norway,0.0,2957.0
1167,Norway,0.0,2972.0
1168,Norway,0.0,3020.0
1169,Norway,0.0,3140.0
1170,Norway,0.0,3234.0
1171,Norway,0.0,3493.0
1172,Norway,0.0,3901.0
1173,Norway,0.0,3985.0
1174,Norway,5.0,4017.0
1175,Norway,275.0,4184.0
1176,Norway,1042.0,4331.0
1177,Norway,1732.0,4452.0
1178,Norway,1899.0,4449.0
1179,Norway,1906.0,4272.0
1180,Norway,1906.0,4220.0
1181,Norway,1906.0,4181.0
1182,Norway,1906.0,4047.0
1183,Norway,3861.0,3852.0
1184,Norway,10654.0,4806.0
1185,Norway,16042.0,5665.0
1186,Oman,0.0,0.0
1187,Oman,0.0,1646.0
1188,Oman,0.0,1663.0
1189,Oman,0.0,1600.0
1190,Oman,0.0,1289.0
1191,Oman,0.0,1103.0
1192,Oman,0.0,1185.0
1193,Oman,0.0,1287.0
1194,Oman,0.0,1341.0
1195,Oman,0.0,1280.0
1196,Oman,0.0,1199.0
1197,Oman,0.0,1158.0
1198,Oman,0.0,1113.0
1199,Oman,0.0,1012.0
1200,Oman,0.0,1080.0
1201,Oman,0.0,1128.0
1202,Oman,0.0,1249.0
1203,Oman,0.0,1328.0
1204,Oman,0.0,1358.0
1205,Oman,0.0,1393.0
1206,Oman,673.0,1363.0
1207,Oman,1985.0,1210.0
1208,Oman,3276.0,1057.0
1209,Oman,4775.0,971.0
1210,Oman,0.0,817.0
1211,Oman,0.0,830.0
1212,Oman,5902.0,843.0
1213,Oman,7992.0,1046.0
1214,Oman,9833.0,1121.0
1215,Oman,11433.0,1165.0
1216,Oman,12272.0,1071.0
1217,Panama,0.0,0.0
1218,Panama,0.0,6.0
1219,Panama,0.0,1364.0
1220,Panama,0.0,1694.0
1221,Panama,0.0,1398.0
1222,Panama,0.0,1284.0
1223,Poland,0.0,0.0
1224,Poland,0.0,4300.0
1225,Poland,0.0,17150.0
1226,Poland,0.0,15200.0
1227,Poland,0.0,11749.0
1228,Poland,0.0,9678.0
1229,Poland,0.0,8139.0
1230,Poland,0.0,12889.0
1231,Poland,0.0,19132.0
1232,Poland,0.0,17723.0
1233,Poland,0.0,20194.0
1234,Poland,0.0,21399.0
1235,Poland,0.0,21376.0
1236,Poland,0.0,21746.0
1237,Poland,0.0,23659.0
1238,Poland,0.0,24199.0
1239,Poland,0.0,29836.0
1240,Poland,0.0,31646.0
1241,Poland,0.0,34025.0
1242,Poland,0.0,36754.0
1243,Poland,671.0,38059.0
1244,Poland,3468.0,33904.0
1245,Poland,11174.0,33087.0
1246,Poland,24992.0,31796.0
1247,Poland,39686.0,33503.0
1248,Poland,45479.0,35331.0
1249,Poland,46980.0,34837.0
1250,Poland,47721.0,34001.0
1251,Poland,75765.0,40260.0
1252,Poland,123044.0,52033.0
1253,Poland,149779.0,59495.0
1254,Poland,179128.0,64577.0
1255,Poland,195481.0,65258.0
1256,Portugal,0.0,0.0
1257,Portugal,0.0,11873.0
1258,Portugal,0.0,11011.0
1259,Portugal,0.0,7770.0
1260,Portugal,0.0,6149.0
1261,Portugal,0.0,5177.0
1262,Portugal,0.0,4529.0
1263,Portugal,0.0,4360.0
1264,Portugal,0.0,3141.0
1265,Portugal,0.0,2169.0
1266,Portugal,0.0,3983.0
1267,Portugal,0.0,5796.0
1268,Portugal,0.0,6347.0
1269,Portugal,0.0,6898.0
1270,Portugal,0.0,7155.0
1271,Portugal,0.0,7412.0
1272,Portugal,0.0,7668.0
1273,Portugal,0.0,6406.0
1274,Portugal,0.0,5143.0
1275,Portugal,0.0,6571.0
1276,Portugal,0.0,8000.0
1277,Portugal,0.0,9429.0
1278,Portugal,0.0,10857.0
1279,Portugal,0.0,12286.0
1280,Portugal,0.0,13714.0
1281,Portugal,0.0,15143.0
1282,Portugal,0.0,15940.0
1283,Portugal,0.0,15242.0
1284,Portugal,0.0,14545.0
1285,Portugal,38000.0,13847.0
1286,Portugal,0.0,13814.0
1287,Portugal,0.0,14164.0
1288,Portugal,0.0,14820.0
1289,Portugal,0.0,13930.0
1290,Romania,0.0,0.0
1291,Romania,0.0,712.0
1292,Romania,0.0,1800.0
1293,Romania,0.0,2741.0
1294,Romania,0.0,2398.0
1295,Romania,0.0,2235.0
1296,Romania,0.0,1922.0
1297,Romania,0.0,3349.0
1298,Romania,0.0,5547.0
1299,Romania,0.0,7555.0
1300,Romania,0.0,9444.0
1301,Romania,0.0,11579.0
1302,Romania,0.0,12723.0
1303,Romania,0.0,13528.0
1304,Romania,0.0,14240.0
1305,Romania,0.0,14120.0
1306,Romania,0.0,13673.0
1307,Romania,0.0,13030.0
1308,Romania,0.0,12995.0
1309,Romania,0.0,13398.0
1310,Romania,875.0,13824.0
1311,Romania,1951.0,15721.0
1312,Romania,2622.0,18514.0
1313,Romania,5814.0,22017.0
1314,Romania,9844.0,25783.0
1315,Romania,11255.0,28895.0
1316,Romania,12879.0,31828.0
1317,Romania,13156.0,34461.0
1318,Romania,25064.0,35627.0
1319,Romania,40667.0,36905.0
1320,Romania,57275.0,37474.0
1321,Romania,75050.0,37329.0
1322,Romania,92076.0,37295.0
1323,Romania,101305.0,36216.0
1324,Russia,0.0,0.0
1325,Russia,0.0,3357.0
1326,Russia,0.0,3357.0
1327,Russia,0.0,3357.0
1328,Russia,0.0,3357.0
1329,Russia,0.0,3357.0
1330,Russia,0.0,3357.0
1331,Russia,0.0,3357.0
1332,Russia,0.0,12592.0
1333,Russia,0.0,21827.0
1334,Russia,0.0,31061.0
1335,Russia,0.0,40296.0
1336,Russia,0.0,49531.0
1337,Russia,0.0,58765.0
1338,Russia,0.0,68000.0
1339,Russia,0.0,68000.0
1340,Russia,0.0,68000.0
1341,Russia,0.0,68000.0
1342,Russia,0.0,68000.0
1343,Russia,0.0,60883.0
1344,Russia,0.0,53766.0
1345,Russia,0.0,46649.0
1346,Russia,0.0,39532.0
1347,Russia,0.0,32416.0
1348,Russia,0.0,25299.0
1349,Russia,0.0,18182.0
1350,Russia,0.0,18182.0
1351,Russia,0.0,18182.0
1352,Russia,0.0,18182.0
1353,Russia,0.0,18182.0
1354,Saudi Arabia,0.0,0.0
1355,Saudi Arabia,0.0,37862.0
1356,Saudi Arabia,0.0,23990.0
1357,Saudi Arabia,0.0,19366.0
1358,Saudi Arabia,0.0,17055.0
1359,Saudi Arabia,0.0,15667.0
1360,Saudi Arabia,0.0,16312.0
1361,Saudi Arabia,0.0,16772.0
1362,Saudi Arabia,0.0,14153.0
1363,Saudi Arabia,0.0,15498.0
1364,Saudi Arabia,0.0,16843.0
1365,Saudi Arabia,0.0,18187.0
1366,Saudi Arabia,0.0,17886.0
1367,Saudi Arabia,0.0,16240.0
1368,Saudi Arabia,0.0,14594.0
1369,Saudi Arabia,0.0,12948.0
1370,Saudi Arabia,0.0,11302.0
1371,Saudi Arabia,0.0,9656.0
1372,Saudi Arabia,0.0,8009.0
1373,Saudi Arabia,0.0,8009.0
1374,Saudi Arabia,0.0,8009.0
1375,Saudi Arabia,0.0,8009.0
1376,Saudi Arabia,0.0,8009.0
1377,Saudi Arabia,0.0,8009.0
1378,Scotland,0.0,0.0
1379,Scotland,0.0,5838.0
1380,Scotland,0.0,5838.0
1381,Scotland,0.0,5838.0
1382,Scotland,0.0,5838.0
1383,Scotland,0.0,5838.0
1384,Scotland,0.0,5838.0
1385,Scotland,0.0,5838.0
1386,Scotland,0.0,5705.0
1387,Scotland,0.0,5572.0
1388,Scotland,0.0,5438.0
1389,Scotland,0.0,5305.0
1390,Scotland,0.0,5172.0
1391,Scotland,0.0,5039.0
1392,Scotland,0.0,4906.0
1393,Scotland,0.0,4641.0
1394,Scotland,0.0,4376.0
1395,Scotland,0.0,4111.0
1396,Scotland,0.0,3846.0
1397,Scotland,0.0,3581.0
1398,Scotland,0.0,3316.0
1399,Scotland,44.0,3051.0
1400,Scotland,0.0,3648.0
1401,Scotland,0.0,4245.0
1402,Scotland,0.0,4842.0
1403,Scotland,0.0,5439.0
1404,Scotland,0.0,6035.0
1405,Scotland,0.0,6632.0
1406,Scotland,2758.0,7229.0
1407,Scotland,2857.0,8005.0
1408,Scotland,2990.0,9281.0
1409,Scotland,3190.0,10597.0
1410,Scotland,3331.0,11960.0
1411,Scotland,0.0,12857.0
1412,Scotland,0.0,13754.0
1413,Scotland,3698.0,14651.0
1414,Scotland,3886.0,15667.0
1415,Scotland,4170.0,17018.0
1416,Scotland,4466.0,18277.0
1417,Scotland,4689.0,19282.0
1418,Scotland,5188.0,20597.0
1419,Scotland,5383.0,22034.0
1420,Scotland,5538.0,21750.0
1421,Scotland,6060.0,22213.0
1422,Scotland,6596.0,22087.0
1423,Scotland,6783.0,22729.0
1424,Scotland,7095.0,22830.0
1425,Scotland,7638.0,23593.0
1426,Serbia,0.0,0.0
1427,Serbia,0.0,1150.0
1428,Serbia,0.0,1150.0
1429,Serbia,0.0,1503.0
1430,Serbia,0.0,1680.0
1431,Serbia,0.0,1785.0
1432,Serbia,0.0,1856.0
1433,Serbia,0.0,2221.0
1434,Serbia,0.0,2687.0
1435,Serbia,0.0,3153.0
1436,Serbia,0.0,3468.0
1437,Serbia,0.0,3783.0
1438,Serbia,0.0,4098.0
1439,Serbia,0.0,9528.0
1440,Serbia,0.0,13880.0
1441,Serbia,0.0,19485.0
1442,Serbia,0.0,26632.0
1443,Serbia,0.0,31534.0
1444,Serbia,0.0,39901.0
1445,Serbia,0.0,45317.0
1446,Serbia,0.0,45246.0
1447,Serbia,0.0,44435.0
1448,Seychelles,0.0,0.0
1449,Seychelles,0.0,500.0
1450,Seychelles,0.0,500.0
1451,Seychelles,0.0,500.0
1452,Seychelles,0.0,500.0
1453,Seychelles,0.0,600.0
1454,Seychelles,0.0,667.0
1455,Seychelles,0.0,1000.0
1456,Seychelles,0.0,1118.0
1457,Seychelles,0.0,1236.0
1458,Seychelles,0.0,1354.0
1459,Seychelles,0.0,1595.0
1460,Seychelles,0.0,1718.0
1461,Seychelles,0.0,1841.0
1462,Seychelles,0.0,1622.0
1463,Seychelles,0.0,1542.0
1464,Seychelles,0.0,1463.0
1465,Seychelles,0.0,1382.0
1466,Seychelles,0.0,1775.0
1467,Seychelles,0.0,1965.0
1468,Seychelles,0.0,1996.0
1469,Singapore,0.0,0.0
1470,Singapore,0.0,2800.0
1471,Singapore,0.0,4090.0
1472,Singapore,0.0,4520.0
1473,Singapore,0.0,4735.0
1474,Singapore,0.0,4864.0
1475,Singapore,0.0,4950.0
1476,Singapore,0.0,5011.0
1477,Singapore,0.0,5380.0
1478,Singapore,0.0,5380.0
1479,Singapore,0.0,5380.0
1480,Singapore,0.0,5380.0
1481,Singapore,0.0,5875.0
1482,Singapore,0.0,6369.0
1483,Singapore,0.0,6864.0
1484,Singapore,0.0,7358.0
1485,Singapore,0.0,7853.0
1486,Singapore,50.0,8347.0
1487,Slovakia,0.0,0.0
1488,Slovakia,0.0,425.0
1489,Slovakia,0.0,3309.0
1490,Slovakia,0.0,4544.0
1491,Slovakia,0.0,5137.0
1492,Slovakia,0.0,4456.0
1493,Slovakia,0.0,4221.0
1494,Slovakia,0.0,4174.0
1495,Slovakia,0.0,5616.0
1496,Slovakia,0.0,5661.0
1497,Slovakia,0.0,5743.0
1498,Slovakia,0.0,5832.0
1499,Slovakia,0.0,5757.0
1500,Slovakia,0.0,5330.0
1501,Slovakia,582.0,6057.0
1502,Slovakia,1039.0,5561.0
1503,Slovakia,1900.0,5673.0
1504,Slovakia,2544.0,5571.0
1505,Slovakia,2669.0,5388.0
1506,Slovakia,2669.0,5255.0
1507,Slovakia,2669.0,5247.0
1508,Slovakia,4823.0,4438.0
1509,Slovakia,5205.0,4362.0
1510,Slovakia,5475.0,4259.0
1511,Slovakia,6983.0,4458.0
1512,Slovakia,9315.0,4860.0
1513,Slovakia,9318.0,4961.0
1514,Slovenia,0.0,0.0
1515,Slovenia,0.0,1270.0
1516,Slovenia,0.0,1484.0
1517,Slovenia,0.0,2110.0
1518,Slovenia,0.0,2601.0
1519,Slovenia,0.0,2718.0
1520,Slovenia,0.0,2333.0
1521,Slovenia,0.0,2087.0
1522,Slovenia,0.0,2183.0
1523,Slovenia,0.0,2223.0
1524,Slovenia,0.0,2471.0
1525,Slovenia,0.0,2689.0
1526,Slovenia,0.0,3036.0
1527,Slovenia,0.0,3073.0
1528,Slovenia,0.0,3070.0
1529,Slovenia,0.0,2942.0
1530,Slovenia,0.0,2772.0
1531,Slovenia,0.0,2415.0
1532,Slovenia,5631.0,2420.0
1533,Slovenia,6669.0,2009.0
1534,Slovenia,6963.0,2034.0
1535,Slovenia,7121.0,1992.0
1536,Slovenia,7847.0,2073.0
1537,Slovenia,9851.0,2444.0
1538,Slovenia,13319.0,2644.0
1539,Slovenia,18726.0,2692.0
1540,Slovenia,22830.0,2988.0
1541,Spain,0.0,0.0
1542,Spain,0.0,56505.0
1543,Spain,0.0,45248.0
1544,Spain,0.0,41496.0
1545,Spain,0.0,48786.0
1546,Spain,0.0,47569.0
1547,Spain,0.0,46759.0
1548,Spain,0.0,46180.0
1549,Spain,0.0,49826.0
1550,Spain,0.0,58330.0
1551,Spain,0.0,66980.0
1552,Spain,0.0,70139.0
1553,Spain,0.0,70181.0
1554,Spain,0.0,70223.0
1555,Spain,2315.0,70264.0
1556,Spain,9341.0,68282.0
1557,Spain,15642.0,63471.0
1558,Spain,49056.0,61016.0
1559,Spain,68456.0,56696.0
1560,Spain,0.0,55680.0
1561,Spain,88698.0,54664.0
1562,Spain,123697.0,56182.0
1563,Spain,173066.0,55766.0
1564,Spain,192759.0,52812.0
1565,Spain,251866.0,52984.0
1566,Sri Lanka,0.0,0.0
1567,Sri Lanka,0.0,5286.0
1568,Sri Lanka,0.0,18912.0
1569,Sweden,0.0,0.0
1570,Sweden,0.0,688.0
1571,Sweden,0.0,688.0
1572,Sweden,0.0,688.0
1573,Sweden,0.0,688.0
1574,Sweden,0.0,688.0
1575,Sweden,0.0,688.0
1576,Sweden,0.0,688.0
1577,Sweden,0.0,1155.0
1578,Sweden,0.0,1621.0
1579,Sweden,0.0,2088.0
1580,Sweden,0.0,2555.0
1581,Sweden,0.0,3022.0
1582,Sweden,0.0,3489.0
1583,Sweden,36.0,3955.0
1584,Sweden,0.0,4705.0
1585,Sweden,0.0,5454.0
1586,Sweden,0.0,6203.0
1587,Sweden,0.0,6953.0
1588,Sweden,0.0,7702.0
1589,Sweden,0.0,8451.0
1590,Sweden,177.0,9201.0
1591,Sweden,0.0,9779.0
1592,Sweden,0.0,10357.0
1593,Sweden,0.0,10935.0
1594,Sweden,0.0,11514.0
1595,Sweden,0.0,12092.0
1596,Sweden,0.0,12670.0
1597,Sweden,8437.0,13248.0
1598,Sweden,0.0,12799.0
1599,Sweden,0.0,12350.0
1600,Sweden,0.0,11901.0
1601,Sweden,14248.0,11452.0
1602,Sweden,18923.0,12199.0
1603,Switzerland,0.0,0.0
1604,Switzerland,0.0,3000.0
1605,Switzerland,0.0,3000.0
1606,Switzerland,0.0,3000.0
1607,Switzerland,0.0,3000.0
1608,Switzerland,0.0,3000.0
1609,Switzerland,0.0,3000.0
1610,Switzerland,0.0,3000.0
1611,Switzerland,0.0,3000.0
1612,Switzerland,0.0,3000.0
1613,Switzerland,0.0,3000.0
1614,Switzerland,0.0,3000.0
1615,Switzerland,0.0,3000.0
1616,Switzerland,0.0,3000.0
1617,Switzerland,0.0,3000.0
1618,Switzerland,0.0,3000.0
1619,Switzerland,0.0,3000.0
1620,Switzerland,0.0,3000.0
1621,Switzerland,0.0,3000.0
1622,Switzerland,0.0,3000.0
1623,Switzerland,0.0,3000.0
1624,Switzerland,0.0,3000.0
1625,Switzerland,0.0,3000.0
1626,Switzerland,0.0,3829.0
1627,Switzerland,0.0,4657.0
1628,Switzerland,0.0,5486.0
1629,Switzerland,0.0,6314.0
1630,Switzerland,0.0,7143.0
1631,Switzerland,0.0,10984.0
1632,Switzerland,0.0,14826.0
1633,Switzerland,0.0,14883.0
1634,Switzerland,0.0,14939.0
1635,Switzerland,0.0,14995.0
1636,Switzerland,0.0,15587.0
1637,Switzerland,0.0,16179.0
1638,Switzerland,0.0,13758.0
1639,Switzerland,0.0,11336.0
1640,Switzerland,0.0,11872.0
1641,Turkey,0.0,0.0
1642,Turkey,0.0,279452.0
1643,Turkey,0.0,308326.0
1644,Turkey,0.0,225634.0
1645,Turkey,0.0,176613.0
1646,Turkey,0.0,166482.0
1647,Turkey,0.0,158439.0
1648,Turkey,0.0,150356.0
1649,Turkey,0.0,120115.0
1650,Turkey,0.0,83651.0
1651,Turkey,0.0,78569.0
1652,Turkey,0.0,76886.0
1653,Turkey,0.0,67192.0
1654,Turkey,0.0,65663.0
1655,Turkey,0.0,67155.0
1656,Turkey,0.0,82474.0
1657,Turkey,0.0,103734.0
1658,Turkey,0.0,104854.0
1659,United Arab Emirates,0.0,0.0
1660,United Arab Emirates,0.0,30698.0
1661,United Arab Emirates,0.0,30698.0
1662,United Arab Emirates,0.0,38418.0
1663,United Arab Emirates,0.0,48512.0
1664,United Arab Emirates,250000.0,52053.0
1665,United Arab Emirates,250000.0,56825.0
1666,United Arab Emirates,250000.0,64193.0
1667,United Arab Emirates,250000.0,76797.0
1668,United Arab Emirates,250000.0,91448.0
1669,United Arab Emirates,250000.0,103490.0
1670,United Arab Emirates,250000.0,111082.0
1671,United Arab Emirates,250000.0,113744.0
1672,United Arab Emirates,250000.0,114896.0
1673,United Arab Emirates,250000.0,112816.0
1674,United Arab Emirates,250000.0,109510.0
1675,United Arab Emirates,250000.0,102605.0
1676,United Arab Emirates,250000.0,96156.0
1677,United Arab Emirates,250000.0,89839.0
1678,United Arab Emirates,250000.0,86430.0
1679,United Arab Emirates,250000.0,85653.0
1680,United Arab Emirates,250000.0,87473.0
1681,United Arab Emirates,250000.0,86186.0
1682,United Arab Emirates,250000.0,88940.0
1683,United Arab Emirates,250000.0,95361.0
1684,United Arab Emirates,250000.0,98196.0
1685,United Kingdom,0.0,0.0
1686,United Kingdom,0.0,46706.0
1687,United Kingdom,0.0,46706.0
1688,United Kingdom,0.0,46706.0
1689,United Kingdom,0.0,46706.0
1690,United Kingdom,0.0,46706.0
1691,United Kingdom,0.0,46706.0
1692,United Kingdom,0.0,46706.0
1693,United Kingdom,0.0,48055.0
1694,United Kingdom,0.0,49404.0
1695,United Kingdom,0.0,50753.0
1696,United Kingdom,0.0,52102.0
1697,United Kingdom,0.0,53451.0
1698,United Kingdom,0.0,54800.0
1699,United Kingdom,21808.0,56148.0
1700,United Kingdom,0.0,74419.0
1701,United Kingdom,0.0,92690.0
1702,United Kingdom,0.0,110961.0
1703,United Kingdom,0.0,129232.0
1704,United Kingdom,0.0,147503.0
1705,United Kingdom,0.0,165774.0
1706,United Kingdom,391399.0,184045.0
1707,United Kingdom,412167.0,181445.0
1708,United Kingdom,428232.0,187114.0
1709,United Kingdom,437977.0,202063.0
1710,United Kingdom,443234.0,221763.0
1711,United Kingdom,447261.0,242366.0
1712,United Kingdom,449736.0,256129.0
1713,United Kingdom,452301.0,262404.0
1714,United Kingdom,456866.0,268518.0
1715,United Kingdom,460625.0,286118.0
1716,United Kingdom,464036.0,297294.0
1717,United Kingdom,466796.0,310246.0
1718,United Kingdom,468617.0,331933.0
1719,United Kingdom,469660.0,362307.0
1720,United Kingdom,470478.0,361321.0
1721,United Kingdom,472446.0,371761.0
1722,United Kingdom,474156.0,366883.0
1723,United Kingdom,476485.0,359424.0
1724,United Kingdom,478254.0,359934.0
1725,United Kingdom,480432.0,361343.0
1726,United States,0.0,0.0
1727,United States,0.0,57909.0
1728,United States,0.0,127432.0
1729,United States,0.0,150606.0
1730,United States,0.0,191001.0
1731,United States,0.0,215238.0
1732,United States,0.0,231396.0
1733,United States,0.0,211379.0
1734,United States,0.0,216147.0
1735,United States,0.0,235685.0
1736,United States,0.0,255223.0
1737,United States,0.0,278776.0
1738,United States,0.0,302329.0
1739,United States,0.0,325882.0
1740,United States,0.0,336949.0
1741,United States,0.0,348017.0
1742,United States,0.0,339372.0
1743,United States,0.0,358887.0
1744,United States,0.0,378253.0
1745,United States,0.0,419933.0
1746,United States,0.0,461263.0
1747,United States,0.0,546636.0
1748,United States,0.0,632009.0
1749,United States,0.0,641524.0
1750,United States,0.0,710238.0
1751,United States,1342086.0,747082.0
1752,United States,1610524.0,798707.0
1753,United States,0.0,811670.0
1754,United States,0.0,824632.0
1755,United States,0.0,837595.0
1756,United States,2023124.0,911493.0
1757,United States,2161419.0,892403.0
1758,United States,2394961.0,913912.0
1759,United States,2756953.0,975540.0
1760,United States,3027865.0,1057387.0
1761,United States,3216836.0,1122182.0
1762,United States,3346390.0,1126251.0
1763,United States,3481921.0,1119058.0
1764,United States,3801053.0,1161050.0
1765,United States,4263056.0,1235330.0
1766,United States,4780888.0,1253815.0
1767,United States,5259693.0,1291416.0
1768,Wales,0.0,0.0
1769,Wales,0.0,2199.0
1770,Wales,0.0,2199.0
1771,Wales,0.0,2199.0
1772,Wales,0.0,2199.0
1773,Wales,0.0,2199.0
1774,Wales,0.0,2199.0
1775,Wales,0.0,2199.0
1776,Wales,0.0,2138.0
1777,Wales,0.0,2076.0
1778,Wales,0.0,2014.0
1779,Wales,0.0,1953.0
1780,Wales,0.0,1891.0
1781,Wales,0.0,1830.0
1782,Wales,0.0,1768.0
1783,Wales,0.0,1801.0
1784,Wales,0.0,1835.0
1785,Wales,0.0,1868.0
1786,Wales,0.0,1901.0
1787,Wales,0.0,1934.0
1788,Wales,0.0,1967.0
1789,Wales,26.0,2001.0
1790,Wales,0.0,2453.0
1791,Wales,0.0,2905.0
1792,Wales,0.0,3357.0
1793,Wales,0.0,3809.0
1794,Wales,0.0,4262.0
1795,Wales,0.0,4714.0
1796,Wales,79.0,5166.0
1797,Wales,97.0,5173.0
1798,Wales,108.0,5884.0
1799,Wales,121.0,6806.0
1800,Wales,129.0,7983.0
1801,Wales,0.0,8457.0
1802,Wales,0.0,8930.0
1803,Wales,201.0,9403.0
1804,Wales,265.0,10123.0
1805,Wales,370.0,10672.0
1806,Wales,396.0,11105.0
1807,Wales,415.0,12318.0
1808,Wales,469.0,15148.0
1809,Wales,516.0,17371.0
1810,Wales,543.0,17063.0
1811,Wales,581.0,18279.0
1812,Wales,639.0,19537.0
1813,Wales,674.0,20845.0
1814,Wales,717.0,21463.0
1815,Wales,750.0,19705.0
